order_id,sku,date,type,email,total_amount
SHO-87854364,LPC-2005,2025-09-01 05:32:25,order,felix.84@gmx.de,347.13
SHO-90051656,LPC-2005,2025-09-01 14:09:54,order,tim.211@web.de,644.07
SHO-43125173,SMT-1006,2025-09-01 14:17:42,order,julia.832@gmail.com,492.0
SHO-49299376,AUD-3004,2025-09-01 16:16:02,order,tim.118@outlook.com,46.3
SHO-19475982,LPC-2003,2025-09-02 04:07:18,order,thomas.979@gmail.com,581.28
SHO-01664823,SMT-1006,2025-09-02 06:07:49,order,sophie.472@outlook.com,446.07
SHO-11368491,SHW-5001,2025-09-02 10:25:56,order,felix.902@t-online.de,29.3
SHO-61158921,LPC-2006,2025-09-02 13:15:43,order,jan.71@web.de,218.44
SHO-86135023,LPC-2003,2025-09-02 13:34:50,order,jan.833@outlook.com,445.93
SHO-58217947,SMT-1003,2025-09-03 10:52:53,order,markus.375@web.de,189.68
SHO-79751230,SMT-1006,2025-09-03 11:53:06,order,emma.19@t-online.de,233.64
SHO-96372171,LPC-2001,2025-09-03 13:29:47,order,julia.957@web.de,210.08
SHO-23845982,LPC-2004,2025-09-03 13:47:35,order,lisa.387@outlook.com,434.94
SHO-04903250,SMT-1004,2025-09-03 18:09:19,order,david.896@yahoo.de,473.01
SHO-81713020,SMT-1004,2025-09-04 03:07:07,order,laura.222@gmail.com,146.67
SHO-78908116,SMT-1002,2025-09-04 05:14:32,order,markus.508@t-online.de,242.59
SHO-17484444,CAM-4006,2025-09-04 17:12:45,order,felix.462@gmx.de,71.76
SHO-15619120,LPC-2001,2025-09-04 23:59:49,order,paul.580@t-online.de,493.29
SHO-16887971,SMT-1001,2025-09-05 04:13:11,order,marie.680@t-online.de,429.18
SHO-69079056,AUD-3006,2025-09-05 15:25:20,order,marie.344@outlook.com,51.83
SHO-03050890,LPC-2006,2025-09-05 17:02:21,order,julia.322@t-online.de,370.36
SHO-97287136,AUD-3004,2025-09-06 03:06:47,order,sophie.681@yahoo.de,31.21
SHO-24583405,LPC-2001,2025-09-06 07:09:53,order,anna.11@gmx.de,348.17
SHO-80988992,SMT-1003,2025-09-06 07:51:22,order,tim.818@web.de,191.1
SHO-10890657,LPC-2002,2025-09-06 09:31:50,order,max.200@gmail.com,251.5
SHO-86620280,SMT-1005,2025-09-07 02:45:05,order,markus.706@yahoo.de,456.33
SHO-00643647,SHW-5003,2025-09-07 13:17:40,order,thomas.50@gmx.de,35.35
SHO-31029517,SMT-1003,2025-09-07 23:03:53,order,michael.37@yahoo.de,185.64
SHO-80367227,CAM-4006,2025-09-08 01:45:49,order,marie.246@gmx.de,111.66
SHO-52574097,CAM-4001,2025-09-08 02:55:45,order,felix.712@yahoo.de,98.23
SHO-68393212,SMT-1002,2025-09-08 11:09:50,order,nina.638@t-online.de,286.61
SHO-93617981,LPC-2006,2025-09-09 00:28:49,order,lisa.656@yahoo.de,479.12
SHO-21162658,AUD-3001,2025-09-09 06:28:37,order,markus.722@t-online.de,73.93
SHO-89508628,LPC-2006,2025-09-09 11:16:38,order,julia.961@gmail.com,397.85
SHO-76889539,LPC-2002,2025-09-09 11:40:30,order,laura.288@t-online.de,272.48
SHO-12794313,LPC-2006,2025-09-09 11:58:03,order,lena.322@t-online.de,665.74
SHO-61102046,CAM-4006,2025-09-09 13:34:59,order,lukas.412@web.de,57.44
SHO-43837850,SHW-5005,2025-09-09 19:59:59,order,paul.965@web.de,45.33
SHO-31230546,CAM-4006,2025-09-10 04:12:09,order,thomas.359@gmx.de,52.99
SHO-77501770,CAM-4006,2025-09-10 05:25:50,order,emma.467@web.de,61.26
SHO-07530842,LPC-2003,2025-09-10 05:41:43,order,paul.544@web.de,303.08
SHO-24842634,SMT-1005,2025-09-10 09:45:27,order,paul.945@t-online.de,159.1
SHO-79311181,CAM-4002,2025-09-10 13:42:30,order,paul.837@gmail.com,131.69
SHO-04659725,CAM-4005,2025-09-10 18:26:26,order,laura.222@gmx.de,129.51
SHO-13792932,SMT-1005,2025-09-10 20:03:09,order,max.785@yahoo.de,333.73
SHO-80367227,CAM-4006,2025-09-11 01:45:49,return,marie.246@gmx.de,-111.66
SHO-17513317,SMT-1002,2025-09-11 11:10:24,order,julia.632@t-online.de,300.93
SHO-96196631,LPC-2005,2025-09-11 16:14:40,order,marie.580@gmail.com,388.59
SHO-40546652,SHW-5003,2025-09-11 19:36:19,order,sarah.879@web.de,22.64
SHO-16975960,SHW-5005,2025-09-11 19:56:57,order,markus.809@yahoo.de,48.17
SHO-73140923,SHW-5001,2025-09-11 23:36:08,order,lisa.288@web.de,25.59
SHO-74755281,SMT-1001,2025-09-12 01:55:39,order,jan.889@outlook.com,421.47
SHO-78965303,LPC-2001,2025-09-12 06:50:10,order,paul.217@gmail.com,618.82
SHO-90949975,SMT-1006,2025-09-12 17:37:58,order,markus.660@web.de,196.08
SHO-45599191,LPC-2002,2025-09-12 18:42:30,order,marie.496@outlook.com,561.25
SHO-52481739,SHW-5004,2025-09-12 20:22:02,order,laura.142@yahoo.de,30.39
SHO-70622691,SMT-1002,2025-09-13 03:14:04,order,jan.408@gmail.com,219.09
SHO-79082371,LPC-2005,2025-09-13 19:04:12,order,david.972@outlook.com,373.41
SHO-21402747,LPC-2002,2025-09-13 21:46:09,order,lukas.992@outlook.com,531.73
SHO-09228779,AUD-3002,2025-09-14 07:32:39,order,michael.433@gmx.de,84.97
SHO-67992318,AUD-3005,2025-09-15 05:20:56,order,lena.235@gmx.de,31.33
SHO-62993789,LPC-2005,2025-09-15 08:32:34,order,jan.161@gmx.de,456.92
SHO-24884573,AUD-3001,2025-09-15 08:55:51,order,jan.493@t-online.de,47.28
SHO-66227451,AUD-3001,2025-09-15 11:50:59,order,markus.724@gmail.com,73.47
SHO-83131110,SHW-5001,2025-09-15 19:35:22,order,sarah.392@web.de,45.34
SHO-58108076,SHW-5004,2025-09-16 00:06:59,order,lisa.537@web.de,31.26
SHO-27314411,SMT-1001,2025-09-16 01:34:49,order,max.116@outlook.com,444.18
SHO-41979072,CAM-4006,2025-09-16 03:00:10,order,david.935@gmx.de,81.49
SHO-25051698,SHW-5006,2025-09-16 09:49:05,order,nina.541@outlook.com,26.52
SHO-07021641,CAM-4003,2025-09-16 11:00:52,order,emma.633@t-online.de,143.5
SHO-94019693,LPC-2004,2025-09-16 15:51:09,order,sophie.312@gmail.com,327.42
SHO-34872062,SHW-5002,2025-09-16 16:05:23,order,lena.101@outlook.com,46.28
SHO-11281066,AUD-3004,2025-09-16 21:43:26,order,sarah.742@web.de,68.07
SHO-39548394,SHW-5003,2025-09-17 09:38:28,order,lena.741@t-online.de,31.47
SHO-43668730,SMT-1006,2025-09-17 13:17:43,order,marie.461@t-online.de,425.69
SHO-87240525,CAM-4004,2025-09-17 15:35:09,order,sophie.13@outlook.com,86.96
SHO-73285046,SMT-1006,2025-09-17 15:45:46,order,michael.885@web.de,481.92
SHO-15010886,AUD-3004,2025-09-17 19:30:07,order,max.267@gmx.de,85.09
SHO-92066562,LPC-2005,2025-09-17 20:54:30,order,julia.354@outlook.com,638.89
SHO-30417430,SHW-5005,2025-09-17 22:36:24,order,anna.153@gmx.de,27.18
SHO-20158196,CAM-4004,2025-09-17 22:47:10,order,laura.171@t-online.de,75.14
SHO-60589834,AUD-3005,2025-09-18 03:45:54,order,emma.582@web.de,66.91
SHO-33719000,AUD-3004,2025-09-18 04:08:32,order,thomas.633@gmail.com,85.52
SHO-96834885,SHW-5003,2025-09-18 08:33:44,order,max.106@gmail.com,36.89
SHO-81199655,CAM-4001,2025-09-18 08:57:55,order,felix.75@web.de,73.03
SHO-87921659,SMT-1006,2025-09-18 11:08:58,order,max.835@t-online.de,122.33
SHO-31779490,SHW-5004,2025-09-18 13:47:09,order,tim.608@web.de,45.41
SHO-55954503,LPC-2002,2025-09-18 18:22:27,order,markus.208@t-online.de,507.13
SHO-89162757,LPC-2006,2025-09-18 20:05:49,order,jan.769@gmx.de,586.62
SHO-03967357,AUD-3003,2025-09-19 09:59:38,order,thomas.634@gmx.de,85.16
SHO-69964244,SMT-1004,2025-09-19 13:44:51,order,max.746@yahoo.de,266.76
SHO-23845982,LPC-2004,2025-09-19 13:47:35,return,lisa.387@outlook.com,-434.94
SHO-48066161,SMT-1005,2025-09-19 14:07:20,order,thomas.210@t-online.de,405.45
SHO-21400570,LPC-2004,2025-09-19 15:31:08,order,sarah.585@yahoo.de,630.4
SHO-50344520,SHW-5003,2025-09-19 18:20:02,order,markus.911@gmail.com,34.21
SHO-46926853,LPC-2003,2025-09-19 21:41:04,order,lisa.212@gmail.com,258.31
SHO-16963347,LPC-2004,2025-09-20 02:39:41,order,sophie.254@yahoo.de,671.91
SHO-69356980,AUD-3003,2025-09-20 03:16:55,order,paul.545@web.de,70.97
SHO-38545334,SMT-1006,2025-09-20 04:35:01,order,anna.666@gmx.de,459.79
SHO-01664823,SMT-1006,2025-09-20 06:07:49,return,sophie.472@outlook.com,-446.07
SHO-20807127,SHW-5005,2025-09-20 16:05:18,order,michael.738@gmx.de,46.77
SHO-24496980,AUD-3003,2025-09-20 21:26:57,order,thomas.452@gmx.de,51.03
SHO-84185704,AUD-3003,2025-09-21 06:50:05,order,thomas.572@outlook.com,84.79
SHO-51150502,CAM-4005,2025-09-21 08:31:46,order,marie.628@t-online.de,138.19
SHO-41561369,LPC-2001,2025-09-21 12:30:46,order,lena.765@t-online.de,560.32
SHO-60534851,LPC-2001,2025-09-22 06:55:36,order,laura.816@yahoo.de,470.06
SHO-18739042,SHW-5005,2025-09-22 14:32:26,order,lena.882@outlook.com,29.12
SHO-89816956,CAM-4005,2025-09-23 07:12:37,order,david.385@gmail.com,130.71
SHO-27876476,CAM-4006,2025-09-23 08:00:49,order,sophie.299@web.de,84.35
SHO-18281952,SMT-1006,2025-09-23 15:41:44,order,jan.383@gmx.de,144.76
SHO-89162757,LPC-2006,2025-09-23 20:05:49,return,jan.769@gmx.de,-586.62
SHO-82662312,AUD-3006,2025-09-23 20:50:04,order,sarah.180@web.de,78.67
SHO-13288264,SHW-5002,2025-09-24 03:29:31,order,tim.659@gmail.com,24.65
SHO-46786378,SMT-1003,2025-09-24 08:16:19,order,lisa.848@outlook.com,456.87
SHO-66274739,AUD-3004,2025-09-24 13:34:19,order,thomas.338@gmx.de,56.12
SHO-33886835,SHW-5005,2025-09-24 18:26:07,order,emma.954@gmx.de,34.8
SHO-60398848,SHW-5005,2025-09-24 18:59:38,order,felix.579@yahoo.de,38.8
SHO-02399063,AUD-3003,2025-09-25 00:10:44,order,lisa.743@yahoo.de,89.14
SHO-30441471,LPC-2003,2025-09-25 03:27:11,order,anna.617@gmx.de,286.16
SHO-59491284,CAM-4001,2025-09-25 09:11:03,order,anna.366@outlook.com,67.55
SHO-44577488,CAM-4002,2025-09-25 14:26:14,order,julia.512@t-online.de,100.71
SHO-36279648,AUD-3005,2025-09-25 17:02:42,order,lukas.154@gmail.com,46.68
SHO-16984425,SMT-1005,2025-09-25 17:55:17,order,nina.871@gmail.com,115.54
SHO-30469261,AUD-3006,2025-09-26 12:31:41,order,paul.980@yahoo.de,51.96
SHO-77696587,SMT-1002,2025-09-26 21:07:25,order,david.596@gmail.com,206.06
SHO-15183520,SHW-5004,2025-09-26 22:26:55,order,michael.284@t-online.de,24.24
SHO-85441831,SMT-1003,2025-09-27 04:37:41,order,sarah.231@outlook.com,201.42
SHO-29222691,SHW-5004,2025-09-27 12:49:07,order,laura.149@web.de,26.25
SHO-59163194,LPC-2004,2025-09-27 14:36:15,order,emma.318@gmx.de,545.21
SHO-85978203,LPC-2004,2025-09-27 15:07:22,order,julia.301@t-online.de,687.9
SHO-47628770,LPC-2005,2025-09-27 16:03:03,order,markus.237@t-online.de,369.5
SHO-93931919,CAM-4003,2025-09-28 00:39:50,order,lukas.121@outlook.com,77.64
SHO-17513317,SMT-1002,2025-09-28 11:10:24,return,julia.632@t-online.de,-300.93
SHO-15563075,AUD-3004,2025-09-28 20:28:56,order,markus.350@t-online.de,57.97
SHO-75940777,SMT-1002,2025-09-29 00:30:12,order,david.212@web.de,226.24
SHO-38207467,AUD-3006,2025-09-29 07:13:52,order,max.980@gmail.com,57.19
SHO-56058761,SHW-5006,2025-09-29 07:49:36,order,jan.771@outlook.com,29.02
SHO-29066189,SMT-1002,2025-09-29 10:46:53,order,sophie.936@yahoo.de,199.67
SHO-21968338,SHW-5005,2025-09-29 22:31:37,order,julia.565@gmail.com,34.72
SHO-65100095,SMT-1002,2025-09-30 02:21:05,order,lukas.921@gmx.de,302.13
SHO-42424532,LPC-2005,2025-09-30 02:23:05,order,thomas.797@gmail.com,519.99
SHO-69357340,SMT-1005,2025-09-30 09:06:45,order,lisa.117@gmail.com,426.84
SHO-69964244,SMT-1004,2025-09-30 13:44:51,return,max.746@yahoo.de,-266.76
SHO-41008157,AUD-3001,2025-09-30 15:21:03,order,michael.143@outlook.com,75.62
SHO-06642644,AUD-3004,2025-10-01 00:08:35,order,marie.500@t-online.de,33.78
SHO-25903947,SHW-5006,2025-10-01 00:47:10,order,max.873@web.de,58.22
SHO-06865693,SMT-1005,2025-10-01 01:05:40,order,sophie.137@gmail.com,211.25
SHO-91859802,SHW-5006,2025-10-01 10:23:52,order,max.200@gmail.com,35.17
SHO-73745831,SHW-5002,2025-10-01 10:34:42,order,sarah.597@t-online.de,46.89
SHO-81859967,LPC-2003,2025-10-01 16:44:32,order,david.889@web.de,414.83
SHO-43107834,SHW-5006,2025-10-02 02:58:56,order,emma.231@gmail.com,36.83
SHO-40166648,AUD-3003,2025-10-02 07:28:33,order,paul.780@t-online.de,34.87
SHO-80885611,SMT-1005,2025-10-02 09:33:21,order,lisa.385@outlook.com,204.09
SHO-02603261,SHW-5004,2025-10-02 09:33:35,order,nina.552@web.de,52.99
SHO-39922942,SHW-5004,2025-10-02 11:28:58,order,thomas.224@web.de,49.55
SHO-49224476,LPC-2006,2025-10-02 16:03:43,order,anna.128@t-online.de,228.24
SHO-92066562,LPC-2005,2025-10-02 20:54:30,return,julia.354@outlook.com,-638.89
SHO-39067102,LPC-2001,2025-10-03 01:18:06,order,laura.618@t-online.de,589.58
SHO-76979557,LPC-2006,2025-10-03 13:57:02,order,markus.651@gmx.de,454.46
SHO-06509928,LPC-2003,2025-10-03 16:38:32,order,thomas.600@outlook.com,440.04
SHO-19545322,LPC-2001,2025-10-03 20:32:44,order,sarah.475@gmx.de,532.73
SHO-76462636,LPC-2006,2025-10-04 00:28:35,order,jan.858@web.de,698.46
SHO-76763716,LPC-2003,2025-10-04 01:44:50,order,anna.299@gmail.com,617.4
SHO-75640029,AUD-3004,2025-10-04 05:55:10,order,max.28@t-online.de,82.17
SHO-69357340,SMT-1005,2025-10-04 09:06:45,return,lisa.117@gmail.com,-426.84
SHO-82569304,CAM-4003,2025-10-04 14:26:51,order,david.826@gmx.de,112.06
SHO-66977656,AUD-3001,2025-10-04 17:55:13,order,thomas.924@gmail.com,51.38
SHO-36786667,SHW-5002,2025-10-04 21:55:48,order,paul.232@outlook.com,32.52
SHO-81300117,AUD-3006,2025-10-05 14:03:17,order,nina.133@yahoo.de,71.89
SHO-86710158,LPC-2003,2025-10-05 14:59:27,order,emma.792@gmx.de,341.36
SHO-87240525,CAM-4004,2025-10-05 15:35:09,return,sophie.13@outlook.com,-86.96
SHO-81199085,SHW-5004,2025-10-05 20:59:07,order,jan.220@gmail.com,37.65
SHO-21334623,SMT-1002,2025-10-06 08:07:44,order,emma.910@outlook.com,181.18
SHO-38123833,AUD-3001,2025-10-07 03:13:57,order,david.76@gmail.com,89.04
SHO-93101265,SHW-5006,2025-10-07 10:20:17,order,laura.628@t-online.de,40.88
SHO-65409827,LPC-2004,2025-10-07 10:47:40,order,lisa.477@t-online.de,267.31
SHO-01733914,CAM-4001,2025-10-07 13:44:19,order,marie.732@web.de,100.63
SHO-22988923,SMT-1001,2025-10-07 14:11:11,order,emma.724@t-online.de,114.09
SHO-21513146,SMT-1001,2025-10-07 17:38:48,order,thomas.621@gmx.de,463.5
SHO-68532738,SMT-1001,2025-10-07 22:25:12,order,thomas.239@web.de,296.63
SHO-75749131,SHW-5002,2025-10-07 22:44:20,order,jan.858@gmx.de,40.42
SHO-25942810,SMT-1002,2025-10-07 22:54:31,order,emma.217@web.de,149.11
SHO-09952628,CAM-4004,2025-10-08 06:23:14,order,nina.291@gmx.de,62.78
SHO-73455411,LPC-2001,2025-10-08 19:13:09,order,lukas.640@gmx.de,551.14
SHO-05673883,AUD-3002,2025-10-08 19:33:05,order,max.294@outlook.com,71.49
SHO-44204711,LPC-2001,2025-10-09 01:09:35,order,nina.962@outlook.com,402.74
SHO-02603261,SHW-5004,2025-10-09 09:33:35,return,nina.552@web.de,-52.99
SHO-71905649,CAM-4002,2025-10-09 17:07:40,order,max.310@gmail.com,64.7
SHO-61539159,AUD-3004,2025-10-09 19:58:49,order,sophie.303@gmail.com,31.53
SHO-75940777,SMT-1002,2025-10-10 00:30:12,return,david.212@web.de,-226.24
SHO-76763716,LPC-2003,2025-10-10 01:44:50,return,anna.299@gmail.com,-617.4
SHO-30819319,AUD-3002,2025-10-10 18:22:58,order,sophie.480@gmail.com,68.98
SHO-05250081,LPC-2001,2025-10-10 18:25:15,order,julia.516@gmail.com,227.56
SHO-10465822,AUD-3005,2025-10-10 21:53:22,order,tim.985@web.de,45.86
SHO-86841401,AUD-3004,2025-10-11 02:04:40,order,max.475@yahoo.de,49.33
SHO-70248064,SMT-1001,2025-10-11 05:57:26,order,anna.81@gmx.de,327.0
SHO-99441589,CAM-4006,2025-10-11 06:41:29,order,david.251@t-online.de,119.99
SHO-85192186,AUD-3006,2025-10-11 12:27:30,order,sarah.551@yahoo.de,35.06
SHO-75581902,CAM-4003,2025-10-11 17:19:41,order,tim.252@web.de,118.82
SHO-44897170,SMT-1002,2025-10-12 04:17:10,order,anna.100@t-online.de,221.9
SHO-42696786,AUD-3006,2025-10-12 04:37:21,order,emma.670@web.de,63.41
SHO-04680562,AUD-3002,2025-10-12 05:04:14,order,jan.123@outlook.com,52.68
SHO-70160739,AUD-3006,2025-10-12 06:46:56,order,paul.715@yahoo.de,88.51
SHO-10776134,LPC-2002,2025-10-12 08:43:50,order,julia.239@yahoo.de,582.9
SHO-87487381,SHW-5002,2025-10-12 14:11:01,order,max.19@gmx.de,48.62
SHO-06830603,SMT-1005,2025-10-12 15:24:14,order,sophie.142@yahoo.de,161.73
SHO-06642644,AUD-3004,2025-10-13 00:08:35,return,marie.500@t-online.de,-33.78
SHO-78300188,CAM-4003,2025-10-13 12:12:37,order,julia.918@outlook.com,108.32
SHO-48066161,SMT-1005,2025-10-13 14:07:20,return,thomas.210@t-online.de,-405.45
SHO-89401652,SHW-5003,2025-10-14 09:18:02,order,emma.929@gmail.com,23.79
SHO-65548847,CAM-4006,2025-10-14 14:37:26,order,david.144@t-online.de,115.43
SHO-47528890,LPC-2005,2025-10-14 15:37:50,order,anna.222@web.de,571.15
SHO-43305610,CAM-4001,2025-10-15 11:57:59,order,sarah.628@outlook.com,111.07
SHO-95671667,CAM-4002,2025-10-15 14:46:43,order,sarah.497@t-online.de,85.86
SHO-73285046,SMT-1006,2025-10-15 15:45:46,return,michael.885@web.de,-481.92
SHO-15563075,AUD-3004,2025-10-15 20:28:56,return,markus.350@t-online.de,-57.97
SHO-38967487,SMT-1005,2025-10-15 21:01:13,order,tim.29@yahoo.de,499.05
SHO-20158196,CAM-4004,2025-10-15 22:47:10,return,laura.171@t-online.de,-75.14
SHO-52237484,CAM-4006,2025-10-15 22:47:21,order,felix.507@t-online.de,103.58
SHO-06516152,SMT-1003,2025-10-16 03:40:16,order,felix.172@web.de,423.8
SHO-47628770,LPC-2005,2025-10-16 16:03:03,return,markus.237@t-online.de,-369.5
SHO-08651409,SHW-5005,2025-10-16 17:39:59,order,sophie.128@gmail.com,58.95
SHO-66953079,SHW-5001,2025-10-16 20:57:12,order,lukas.948@gmail.com,48.39
SHO-48359401,SHW-5003,2025-10-16 22:13:47,order,anna.956@web.de,34.17
SHO-11761545,AUD-3006,2025-10-17 00:31:12,order,julia.849@web.de,35.64
SHO-83752597,CAM-4005,2025-10-17 01:07:01,order,michael.318@t-online.de,66.48
SHO-90661914,AUD-3005,2025-10-17 12:49:56,order,felix.857@yahoo.de,59.95
SHO-49084102,SMT-1002,2025-10-17 16:29:57,order,paul.510@t-online.de,409.04
SHO-76960706,AUD-3001,2025-10-17 17:27:54,order,emma.809@t-online.de,79.48
SHO-53295670,AUD-3001,2025-10-17 20:38:44,order,michael.708@web.de,76.54
SHO-13265407,CAM-4002,2025-10-17 20:49:16,order,emma.514@outlook.com,116.93
SHO-28899917,SMT-1006,2025-10-18 07:25:25,order,emma.838@web.de,194.21
SHO-19836087,SMT-1002,2025-10-18 09:40:51,order,sophie.992@gmail.com,432.09
SHO-73197956,SHW-5005,2025-10-18 09:42:09,order,markus.545@gmx.de,20.65
SHO-39825290,AUD-3004,2025-10-18 13:44:36,order,jan.341@gmx.de,65.35
SHO-95466847,AUD-3006,2025-10-18 18:18:30,order,laura.897@web.de,89.8
SHO-45763467,SHW-5006,2025-10-19 04:04:14,order,laura.17@yahoo.de,56.92
SHO-08892443,CAM-4002,2025-10-19 06:27:36,order,max.566@gmx.de,119.94
SHO-35025715,CAM-4004,2025-10-19 07:56:31,order,paul.553@yahoo.de,137.89
SHO-41561369,LPC-2001,2025-10-19 12:30:46,return,lena.765@t-online.de,-560.32
SHO-88206859,SMT-1002,2025-10-19 14:31:27,order,thomas.626@gmx.de,299.31
SHO-06830603,SMT-1005,2025-10-19 15:24:14,return,sophie.142@yahoo.de,-161.73
SHO-63894608,LPC-2006,2025-10-19 21:49:44,order,markus.986@t-online.de,292.43
SHO-73572969,LPC-2001,2025-10-19 23:35:35,order,anna.38@gmx.de,459.36
SHO-97537768,SHW-5004,2025-10-20 09:09:44,order,paul.780@t-online.de,26.5
SHO-59851812,SHW-5003,2025-10-20 09:40:56,order,marie.169@outlook.com,29.74
SHO-14695787,LPC-2001,2025-10-20 11:37:55,order,marie.790@web.de,580.59
SHO-41092492,AUD-3002,2025-10-20 14:58:30,order,lukas.562@gmail.com,81.36
SHO-18281952,SMT-1006,2025-10-20 15:41:44,return,jan.383@gmx.de,-144.76
SHO-27673280,SHW-5003,2025-10-20 17:42:09,order,julia.492@web.de,24.1
SHO-48481907,CAM-4003,2025-10-20 20:45:44,order,thomas.754@gmx.de,117.44
SHO-34857238,CAM-4005,2025-10-21 00:58:42,order,julia.100@t-online.de,87.51
SHO-31198891,LPC-2002,2025-10-21 02:47:10,order,anna.909@yahoo.de,203.32
SHO-38207467,AUD-3006,2025-10-21 07:13:52,return,max.980@gmail.com,-57.19
SHO-21670095,CAM-4006,2025-10-21 08:40:32,order,anna.721@yahoo.de,50.67
SHO-96630385,SHW-5005,2025-10-21 10:46:35,order,sarah.861@outlook.com,39.68
SHO-15190189,CAM-4005,2025-10-21 16:37:21,order,felix.241@gmail.com,117.41
SHO-41041602,CAM-4003,2025-10-21 18:43:55,order,anna.760@gmx.de,60.09
SHO-60787898,SMT-1003,2025-10-22 10:29:47,order,michael.100@gmail.com,301.84
SHO-65816012,CAM-4005,2025-10-23 08:58:39,order,jan.462@gmail.com,78.65
SHO-66736958,SHW-5002,2025-10-23 14:07:28,order,jan.32@yahoo.de,40.65
SHO-66953079,SHW-5001,2025-10-23 20:57:12,return,lukas.948@gmail.com,-48.39
SHO-32194336,CAM-4005,2025-10-23 22:26:09,order,max.920@t-online.de,92.81
SHO-17790267,AUD-3006,2025-10-24 04:15:03,order,sarah.460@t-online.de,82.89
SHO-10776134,LPC-2002,2025-10-24 08:43:50,return,julia.239@yahoo.de,-582.9
SHO-64920010,SHW-5005,2025-10-24 08:59:47,order,felix.263@web.de,34.71
SHO-70145300,CAM-4003,2025-10-24 22:16:28,order,julia.387@gmail.com,87.46
SHO-48700584,SHW-5004,2025-10-25 00:31:30,order,marie.230@web.de,21.4
SHO-83662058,SHW-5001,2025-10-25 13:39:27,order,sarah.281@outlook.com,59.23
SHO-06327077,LPC-2002,2025-10-25 13:56:29,order,markus.388@web.de,288.4
SHO-52373415,CAM-4001,2025-10-25 16:14:56,order,felix.318@yahoo.de,87.68
SHO-17853019,LPC-2002,2025-10-25 20:33:16,order,laura.926@gmx.de,662.37
SHO-73572969,LPC-2001,2025-10-25 23:35:35,return,anna.38@gmx.de,-459.36
SHO-43107834,SHW-5006,2025-10-26 02:58:56,return,emma.231@gmail.com,-36.83
SHO-72530292,SMT-1004,2025-10-26 03:53:08,order,paul.798@yahoo.de,490.13
SHO-44125658,AUD-3003,2025-10-26 05:59:43,order,max.669@t-online.de,55.17
SHO-24853446,SHW-5003,2025-10-26 08:13:57,order,sarah.833@yahoo.de,46.02
SHO-98907585,SMT-1003,2025-10-26 15:30:08,order,julia.200@gmx.de,268.73
SHO-10233754,SMT-1002,2025-10-26 20:57:15,order,julia.350@web.de,253.25
SHO-44460384,CAM-4006,2025-10-27 07:59:00,order,lena.32@outlook.com,55.79
SHO-04519644,CAM-4003,2025-10-27 08:26:09,order,thomas.205@outlook.com,97.5
SHO-70489158,AUD-3005,2025-10-27 20:52:42,order,lukas.904@gmx.de,80.03
SHO-54666871,LPC-2004,2025-10-27 21:34:31,order,felix.132@gmail.com,423.6
SHO-00377739,SMT-1004,2025-10-28 01:25:43,order,tim.532@gmail.com,163.43
SHO-31198891,LPC-2002,2025-10-28 02:47:10,return,anna.909@yahoo.de,-203.32
SHO-64904129,SMT-1005,2025-10-28 17:16:57,order,anna.972@web.de,355.26
SHO-24382573,SMT-1004,2025-10-28 19:32:04,order,anna.877@web.de,110.68
SHO-57662136,CAM-4006,2025-10-28 20:40:32,order,lukas.582@gmail.com,50.44
SHO-44303310,SMT-1001,2025-10-28 22:25:55,order,lukas.864@web.de,386.38
SHO-74511796,SMT-1002,2025-10-29 00:46:28,order,julia.314@gmail.com,310.98
SHO-65035548,LPC-2003,2025-10-29 00:58:40,order,david.622@web.de,331.24
SHO-48352571,LPC-2006,2025-10-29 08:08:45,order,sophie.717@web.de,666.67
SHO-95722618,SMT-1002,2025-10-29 08:29:05,order,anna.135@yahoo.de,128.6
SHO-73681328,SMT-1004,2025-10-29 09:03:23,order,thomas.68@t-online.de,152.56
SHO-18168009,AUD-3002,2025-10-29 13:47:56,order,markus.486@web.de,73.29
SHO-73773806,LPC-2002,2025-10-29 14:48:12,order,emma.431@gmx.de,465.84
SHO-73099250,AUD-3006,2025-10-29 15:51:38,order,marie.805@outlook.com,50.29
SHO-61494956,AUD-3003,2025-10-29 21:25:11,order,nina.361@yahoo.de,70.44
SHO-38477623,SHW-5005,2025-10-30 00:39:46,order,lukas.590@yahoo.de,54.06
SHO-47473056,SMT-1005,2025-10-30 03:26:17,order,emma.712@t-online.de,310.63
SHO-04984356,AUD-3001,2025-10-30 06:53:37,order,emma.153@gmx.de,67.7
SHO-99772270,LPC-2003,2025-10-30 12:44:45,order,nina.494@gmail.com,674.66
SHO-88107500,SMT-1006,2025-10-30 18:09:50,order,sophie.750@web.de,115.38
SHO-69791047,LPC-2001,2025-10-30 18:31:43,order,thomas.142@gmail.com,384.59
SHO-40228769,CAM-4004,2025-10-30 22:11:45,order,sophie.498@gmx.de,121.12
SHO-11514340,SHW-5004,2025-10-30 23:10:29,order,tim.173@outlook.com,48.44
SHO-47889718,SHW-5001,2025-10-31 02:56:05,order,emma.674@t-online.de,31.04
SHO-76979557,LPC-2006,2025-10-31 13:57:02,return,markus.651@gmx.de,-454.46
SHO-85562255,SHW-5003,2025-10-31 15:54:15,order,felix.299@outlook.com,45.69
SHO-33140775,LPC-2004,2025-10-31 16:52:04,order,sarah.802@gmail.com,645.59
SHO-76328975,CAM-4001,2025-10-31 22:44:19,order,tim.530@yahoo.de,96.76
SHO-04816897,LPC-2002,2025-10-31 22:49:08,order,markus.690@yahoo.de,516.57
SHO-35763784,CAM-4004,2025-11-01 05:24:31,order,markus.124@outlook.com,94.16
SHO-76399741,SHW-5003,2025-11-01 17:34:27,order,lukas.509@t-online.de,28.8
SHO-23535758,SHW-5004,2025-11-02 14:45:04,order,felix.289@gmx.de,44.86
SHO-39428168,SMT-1001,2025-11-02 14:51:08,order,lena.454@yahoo.de,260.69
SHO-21973373,SMT-1003,2025-11-03 03:14:28,order,nina.228@yahoo.de,454.63
SHO-13064985,CAM-4005,2025-11-03 11:15:25,order,lisa.152@t-online.de,65.68
SHO-19102450,AUD-3006,2025-11-03 12:14:33,order,marie.362@yahoo.de,50.57
SHO-27701127,AUD-3004,2025-11-03 13:16:51,order,sarah.884@web.de,47.85
SHO-62621143,SHW-5005,2025-11-03 13:34:41,order,tim.75@outlook.com,54.12
SHO-98049841,CAM-4001,2025-11-03 15:16:48,order,sarah.472@yahoo.de,132.57
SHO-15190189,CAM-4005,2025-11-03 16:37:21,return,felix.241@gmail.com,-117.41
SHO-45763467,SHW-5006,2025-11-04 04:04:14,return,laura.17@yahoo.de,-56.92
SHO-89493473,AUD-3003,2025-11-04 14:42:34,order,emma.742@web.de,76.07
SHO-43354865,SHW-5005,2025-11-04 16:08:01,order,marie.101@outlook.com,46.37
SHO-52302622,AUD-3002,2025-11-04 18:58:01,order,laura.843@outlook.com,32.39
SHO-59325644,CAM-4006,2025-11-04 20:03:30,order,julia.562@web.de,99.06
SHO-03109884,LPC-2003,2025-11-05 02:06:50,order,david.31@gmx.de,341.81
SHO-54228582,CAM-4001,2025-11-05 02:30:34,order,markus.59@outlook.com,82.32
SHO-51975797,SHW-5005,2025-11-05 04:19:34,order,marie.785@gmail.com,36.21
SHO-04984356,AUD-3001,2025-11-05 06:53:37,return,emma.153@gmx.de,-67.7
SHO-07096150,SMT-1002,2025-11-05 07:43:27,order,julia.916@yahoo.de,328.71
SHO-64920010,SHW-5005,2025-11-05 08:59:47,return,felix.263@web.de,-34.71
SHO-41519118,SMT-1003,2025-11-05 16:46:37,order,anna.451@yahoo.de,343.7
SHO-88281800,AUD-3001,2025-11-05 17:06:46,order,michael.735@web.de,68.64
SHO-06712329,AUD-3002,2025-11-05 23:29:59,order,felix.608@t-online.de,82.16
SHO-18908916,CAM-4001,2025-11-05 23:48:48,order,lisa.162@outlook.com,88.15
SHO-97450647,CAM-4001,2025-11-06 05:37:30,order,david.160@yahoo.de,66.8
SHO-17164410,CAM-4003,2025-11-06 06:43:20,order,paul.108@t-online.de,85.72
SHO-86029438,AUD-3006,2025-11-06 14:01:55,order,emma.797@gmx.de,30.75
SHO-78853559,AUD-3005,2025-11-06 22:11:07,order,michael.685@t-online.de,60.14
SHO-48205133,SHW-5006,2025-11-07 03:54:34,order,nina.372@t-online.de,48.52
SHO-13598962,LPC-2002,2025-11-07 16:06:56,order,markus.631@gmail.com,240.29
SHO-04201622,SHW-5003,2025-11-07 20:18:36,order,sophie.637@web.de,44.69
SHO-00500205,AUD-3003,2025-11-08 02:18:23,order,jan.180@gmx.de,68.02
SHO-37466731,SHW-5004,2025-11-08 02:46:09,order,marie.678@gmail.com,35.14
SHO-92785113,SMT-1001,2025-11-08 06:02:33,order,lukas.253@web.de,227.99
SHO-43197485,SMT-1005,2025-11-08 10:18:29,order,michael.400@gmx.de,285.83
SHO-97435039,LPC-2004,2025-11-08 20:17:40,order,paul.572@gmail.com,515.12
SHO-97876929,AUD-3003,2025-11-08 20:50:46,order,nina.964@t-online.de,54.86
SHO-62320639,CAM-4005,2025-11-08 22:33:39,order,tim.517@outlook.com,67.39
SHO-32458522,LPC-2001,2025-11-10 08:31:57,order,sophie.826@t-online.de,604.31
SHO-83823199,LPC-2005,2025-11-10 09:49:11,order,lena.824@t-online.de,346.95
SHO-88930980,AUD-3006,2025-11-10 13:17:04,order,david.108@gmail.com,61.2
SHO-26175295,CAM-4003,2025-11-10 16:27:18,order,laura.412@gmx.de,58.63
SHO-59885578,LPC-2003,2025-11-11 00:06:21,order,jan.471@web.de,378.76
SHO-91983828,CAM-4003,2025-11-11 03:44:56,order,michael.731@outlook.com,140.72
SHO-32430490,SMT-1004,2025-11-11 11:47:36,order,lisa.871@t-online.de,187.05
SHO-02290849,SMT-1002,2025-11-11 12:57:13,order,felix.859@web.de,227.79
SHO-21464360,SHW-5002,2025-11-11 15:02:36,order,julia.281@t-online.de,39.62
SHO-11240597,CAM-4005,2025-11-11 21:16:40,order,thomas.374@t-online.de,103.82
SHO-54167333,CAM-4002,2025-11-13 08:36:25,order,thomas.217@outlook.com,104.19
SHO-64904129,SMT-1005,2025-11-13 17:16:57,return,anna.972@web.de,-355.26
SHO-97450647,CAM-4001,2025-11-14 05:37:30,return,david.160@yahoo.de,-66.8
SHO-49540601,SMT-1004,2025-11-14 06:44:20,order,lukas.398@web.de,327.54
SHO-34166504,LPC-2004,2025-11-14 07:08:54,order,emma.74@outlook.com,592.45
SHO-38343101,LPC-2006,2025-11-14 07:36:50,order,anna.309@web.de,475.87
SHO-29708264,CAM-4001,2025-11-14 08:44:43,order,sarah.496@yahoo.de,54.49
SHO-59750675,AUD-3002,2025-11-14 09:31:24,order,paul.73@web.de,34.33
SHO-57449974,CAM-4003,2025-11-14 13:39:57,order,lukas.65@gmail.com,111.12
SHO-41092492,AUD-3002,2025-11-14 14:58:30,return,lukas.562@gmail.com,-81.36
SHO-51811882,CAM-4006,2025-11-15 08:22:56,order,laura.238@yahoo.de,85.28
SHO-87082177,AUD-3006,2025-11-15 08:26:12,order,anna.225@gmail.com,88.99
SHO-59918624,CAM-4006,2025-11-15 11:26:14,order,tim.118@yahoo.de,125.26
SHO-74615440,SMT-1004,2025-11-15 12:40:47,order,david.366@gmail.com,354.53
SHO-50015588,AUD-3006,2025-11-15 21:57:02,order,lukas.837@gmx.de,86.0
SHO-90445748,AUD-3001,2025-11-16 03:22:44,order,michael.167@yahoo.de,67.47
SHO-65816012,CAM-4005,2025-11-16 08:58:39,return,jan.462@gmail.com,-78.65
SHO-42639465,SMT-1004,2025-11-16 11:08:30,order,paul.350@gmail.com,213.66
SHO-70855006,SMT-1002,2025-11-16 19:38:59,order,emma.329@gmail.com,459.71
SHO-30780017,LPC-2005,2025-11-16 23:25:11,order,laura.799@gmail.com,282.29
SHO-46531961,CAM-4006,2025-11-17 00:48:50,order,emma.353@yahoo.de,143.74
SHO-52276761,LPC-2003,2025-11-17 09:24:19,order,sophie.992@gmail.com,546.21
SHO-79934149,AUD-3001,2025-11-18 01:35:36,order,sophie.335@gmail.com,72.11
SHO-71014094,AUD-3004,2025-11-18 04:38:44,order,anna.127@web.de,42.05
SHO-21670095,CAM-4006,2025-11-18 08:40:32,return,anna.721@yahoo.de,-50.67
SHO-10101105,SHW-5004,2025-11-18 15:00:15,order,lena.793@gmx.de,58.43
SHO-20250647,SHW-5004,2025-11-18 16:42:04,order,markus.362@yahoo.de,55.23
SHO-31918098,LPC-2006,2025-11-18 19:40:39,order,thomas.447@yahoo.de,360.07
SHO-85441215,SMT-1004,2025-11-19 01:09:58,order,david.79@gmail.com,142.69
SHO-06935342,CAM-4004,2025-11-19 02:18:03,order,thomas.583@web.de,109.67
SHO-22022258,LPC-2002,2025-11-19 04:51:50,order,nina.70@gmail.com,458.7
SHO-61633820,SMT-1002,2025-11-19 05:20:31,order,lukas.312@yahoo.de,284.79
SHO-25753412,CAM-4006,2025-11-19 05:50:57,order,lisa.603@outlook.com,92.49
SHO-34977780,AUD-3004,2025-11-19 08:22:35,order,thomas.23@web.de,54.06
SHO-29481508,AUD-3002,2025-11-19 23:59:12,order,markus.124@gmail.com,83.61
SHO-25992367,SHW-5001,2025-11-20 03:28:33,order,lena.518@gmx.de,39.93
SHO-74671378,CAM-4001,2025-11-20 03:59:26,order,felix.152@gmail.com,89.64
SHO-22735208,CAM-4002,2025-11-20 09:27:52,order,lisa.26@gmx.de,92.96
SHO-46840477,AUD-3001,2025-11-20 20:13:28,order,felix.703@yahoo.de,62.66
SHO-29720444,CAM-4004,2025-11-21 02:49:59,order,marie.641@t-online.de,102.03
SHO-36433835,LPC-2006,2025-11-21 04:25:20,order,lukas.338@yahoo.de,549.21
SHO-38065678,LPC-2004,2025-11-21 09:02:54,order,tim.953@outlook.com,290.49
SHO-82550875,SHW-5003,2025-11-21 11:05:27,order,sarah.999@yahoo.de,38.11
SHO-66736958,SHW-5002,2025-11-21 14:07:28,return,jan.32@yahoo.de,-40.65
SHO-93685339,LPC-2006,2025-11-21 14:56:10,order,max.576@t-online.de,685.5
SHO-13290460,SMT-1004,2025-11-21 19:19:46,order,felix.933@t-online.de,440.74
SHO-93349746,SHW-5002,2025-11-21 23:23:46,order,emma.904@outlook.com,33.73
SHO-93293079,AUD-3001,2025-11-22 07:20:06,order,lena.761@yahoo.de,83.64
SHO-55811459,LPC-2003,2025-11-22 13:55:38,order,max.937@yahoo.de,209.02
SHO-23535758,SHW-5004,2025-11-22 14:45:04,return,felix.289@gmx.de,-44.86
SHO-98907585,SMT-1003,2025-11-22 15:30:08,return,julia.200@gmx.de,-268.73
SHO-35763784,CAM-4004,2025-11-23 05:24:31,return,markus.124@outlook.com,-94.16
SHO-67739037,SHW-5002,2025-11-23 20:37:38,order,laura.878@gmail.com,27.9
SHO-48506058,LPC-2001,2025-11-24 00:28:13,order,nina.961@yahoo.de,582.59
SHO-45887163,CAM-4006,2025-11-24 10:57:00,order,julia.580@gmx.de,137.36
SHO-83508482,SHW-5006,2025-11-24 11:42:42,order,michael.992@outlook.com,36.39
SHO-52725713,LPC-2002,2025-11-24 14:33:11,order,markus.639@outlook.com,439.6
SHO-22481232,CAM-4001,2025-11-24 21:04:42,order,felix.424@web.de,119.03
SHO-91091622,CAM-4005,2025-11-25 03:29:25,order,michael.674@gmx.de,117.24
SHO-16778951,AUD-3003,2025-11-25 07:33:59,order,jan.126@t-online.de,47.75
SHO-04519644,CAM-4003,2025-11-25 08:26:09,return,thomas.205@outlook.com,-97.5
SHO-13209644,AUD-3003,2025-11-25 16:43:32,order,nina.418@gmx.de,65.57
SHO-35630581,LPC-2005,2025-11-25 21:47:20,order,lena.886@web.de,332.1
SHO-40228769,CAM-4004,2025-11-25 22:11:45,return,sophie.498@gmx.de,-121.12
SHO-24449067,LPC-2005,2025-11-25 23:00:37,order,markus.917@gmail.com,328.71
SHO-91706940,SMT-1004,2025-11-26 01:44:46,order,thomas.318@t-online.de,206.13
SHO-02877114,SHW-5003,2025-11-27 03:15:48,order,marie.132@gmail.com,48.82
SHO-41537697,SHW-5006,2025-11-27 07:21:49,order,lisa.820@gmail.com,53.41
SHO-99377075,LPC-2002,2025-11-27 07:34:55,order,sarah.475@outlook.com,469.87
SHO-20250647,SHW-5004,2025-11-27 16:42:04,return,markus.362@yahoo.de,-55.23
SHO-52276761,LPC-2003,2025-11-28 09:24:19,return,sophie.992@gmail.com,-546.21
SHO-21464360,SHW-5002,2025-11-28 15:02:36,return,julia.281@t-online.de,-39.62
SHO-11481884,SHW-5006,2025-11-28 21:10:35,order,markus.206@yahoo.de,43.91
SHO-89926541,SMT-1005,2025-11-28 23:58:36,order,nina.607@gmx.de,182.39
SHO-33865028,SHW-5001,2025-11-29 05:49:10,order,sophie.933@web.de,24.19
SHO-73385585,SMT-1006,2025-11-29 09:59:38,order,paul.691@yahoo.de,262.87
SHO-01338613,SMT-1004,2025-11-29 11:39:42,order,max.396@gmx.de,348.53
SHO-86298981,AUD-3006,2025-11-29 11:51:50,order,lisa.592@gmail.com,77.41
SHO-99073782,SHW-5002,2025-11-29 14:31:00,order,max.125@t-online.de,30.84
SHO-34658631,CAM-4006,2025-11-29 19:00:33,order,david.195@gmail.com,144.3
SHO-40963690,AUD-3001,2025-11-29 20:22:57,order,anna.159@yahoo.de,75.09
SHO-24449067,LPC-2005,2025-11-29 23:00:37,return,markus.917@gmail.com,-328.71
SHO-12418555,AUD-3003,2025-11-29 23:15:47,order,lisa.552@gmx.de,65.89
SHO-90030254,SHW-5001,2025-11-30 03:42:07,order,sophie.872@t-online.de,23.02
SHO-36537067,SHW-5006,2025-11-30 07:40:38,order,anna.220@web.de,34.57
SHO-54006061,SHW-5002,2025-11-30 09:21:08,order,nina.232@gmx.de,56.68
SHO-69069024,LPC-2002,2025-11-30 15:37:28,order,michael.476@outlook.com,367.49
SHO-43386588,LPC-2002,2025-12-01 01:43:55,order,thomas.522@gmail.com,531.14
SHO-44205295,LPC-2006,2025-12-01 03:22:07,order,thomas.79@web.de,392.43
SHO-04224425,LPC-2002,2025-12-01 05:03:09,order,sarah.501@web.de,578.24
SHO-29983548,SHW-5002,2025-12-01 06:16:32,order,max.830@yahoo.de,57.87
SHO-87866703,SHW-5001,2025-12-01 15:39:37,order,marie.490@yahoo.de,48.58
SHO-38877843,CAM-4004,2025-12-01 19:09:37,order,laura.290@web.de,144.44
SHO-74588570,AUD-3005,2025-12-02 02:01:55,order,laura.833@outlook.com,84.33
SHO-49170689,CAM-4002,2025-12-02 02:55:21,order,markus.655@outlook.com,67.49
SHO-72810410,LPC-2003,2025-12-02 07:59:39,order,nina.185@t-online.de,317.13
SHO-37106744,SMT-1002,2025-12-02 11:54:36,order,lukas.85@yahoo.de,402.56
SHO-15402330,LPC-2001,2025-12-02 14:13:31,order,paul.217@web.de,529.93
SHO-76497880,SHW-5006,2025-12-02 19:12:55,order,thomas.503@outlook.com,57.13
SHO-72253966,SMT-1004,2025-12-03 01:39:59,order,paul.426@gmail.com,416.46
SHO-91656544,AUD-3003,2025-12-03 03:23:49,order,felix.100@yahoo.de,52.67
SHO-88375636,SMT-1002,2025-12-03 08:40:21,order,sophie.594@yahoo.de,470.26
SHO-29124528,SMT-1001,2025-12-03 11:23:30,order,marie.819@outlook.com,414.4
SHO-89742631,AUD-3002,2025-12-03 16:02:53,order,nina.152@gmx.de,39.89
SHO-21660327,CAM-4003,2025-12-03 19:59:46,order,emma.829@web.de,144.4
SHO-18908916,CAM-4001,2025-12-03 23:48:48,return,lisa.162@outlook.com,-88.15
SHO-06935342,CAM-4004,2025-12-04 02:18:03,return,thomas.583@web.de,-109.67
SHO-37069488,AUD-3005,2025-12-04 04:02:52,order,emma.321@gmx.de,63.99
SHO-82154303,AUD-3006,2025-12-04 06:31:21,order,thomas.894@gmail.com,58.62
SHO-13534740,SMT-1001,2025-12-04 06:55:03,order,thomas.200@outlook.com,129.49
SHO-38343101,LPC-2006,2025-12-04 07:36:50,return,anna.309@web.de,-475.87
SHO-59609295,CAM-4002,2025-12-04 13:22:32,order,lisa.70@t-online.de,106.14
SHO-80124087,CAM-4002,2025-12-04 22:23:04,order,felix.583@yahoo.de,103.7
SHO-20515413,LPC-2005,2025-12-05 01:02:29,order,jan.656@gmx.de,260.46
SHO-29720444,CAM-4004,2025-12-05 02:49:59,return,marie.641@t-online.de,-102.03
SHO-44205295,LPC-2006,2025-12-05 03:22:07,return,thomas.79@web.de,-392.43
SHO-40271201,CAM-4003,2025-12-05 03:32:33,order,paul.338@web.de,112.75
SHO-60430003,CAM-4005,2025-12-05 06:10:34,order,max.991@gmx.de,107.87
SHO-37774288,SMT-1006,2025-12-05 09:16:46,order,tim.419@outlook.com,441.16
SHO-03471626,CAM-4004,2025-12-05 10:02:25,order,max.710@gmail.com,77.74
SHO-25158412,LPC-2002,2025-12-05 10:42:09,order,laura.904@web.de,373.72
SHO-27014218,LPC-2004,2025-12-05 12:06:06,order,paul.415@gmx.de,429.96
SHO-94362829,CAM-4005,2025-12-06 00:58:51,order,sarah.213@gmx.de,95.71
SHO-85441215,SMT-1004,2025-12-06 01:09:58,return,david.79@gmail.com,-142.69
SHO-52759885,SMT-1003,2025-12-06 01:38:19,order,nina.975@t-online.de,192.5
SHO-29983548,SHW-5002,2025-12-06 06:16:32,return,max.830@yahoo.de,-57.87
SHO-92193276,SHW-5002,2025-12-06 18:38:18,order,paul.67@t-online.de,47.7
SHO-28677125,SHW-5003,2025-12-06 19:01:28,order,lena.385@yahoo.de,43.08
SHO-14939814,LPC-2004,2025-12-06 21:26:43,order,sophie.130@gmail.com,656.96
SHO-52868356,AUD-3006,2025-12-06 22:20:01,order,thomas.666@gmx.de,60.95
SHO-99726365,LPC-2001,2025-12-07 15:14:53,order,julia.815@outlook.com,501.38
SHO-53142196,CAM-4004,2025-12-07 16:00:11,order,thomas.226@t-online.de,109.61
SHO-60975946,CAM-4002,2025-12-07 17:35:48,order,max.245@web.de,133.89
SHO-11284125,SHW-5003,2025-12-07 19:11:12,order,emma.800@web.de,25.89
SHO-03629916,SMT-1002,2025-12-07 23:41:58,order,david.575@gmail.com,167.31
SHO-51529125,LPC-2006,2025-12-08 12:46:45,order,anna.164@yahoo.de,306.6
SHO-78402809,CAM-4004,2025-12-08 18:39:42,order,lena.280@t-online.de,56.35
SHO-66102192,CAM-4006,2025-12-08 19:10:43,order,lisa.963@web.de,61.27
SHO-29558834,SMT-1003,2025-12-08 21:37:38,order,sarah.805@gmail.com,430.56
SHO-10369217,SMT-1001,2025-12-09 06:22:05,order,tim.324@outlook.com,331.34
SHO-59119225,LPC-2005,2025-12-09 07:20:40,order,jan.831@t-online.de,449.4
SHO-14781297,LPC-2004,2025-12-09 08:56:25,order,michael.188@gmail.com,426.73
SHO-45887163,CAM-4006,2025-12-09 10:57:00,return,julia.580@gmx.de,-137.36
SHO-26690158,AUD-3001,2025-12-10 06:34:39,order,sophie.253@outlook.com,69.2
SHO-53841966,LPC-2005,2025-12-10 07:34:52,order,david.394@yahoo.de,651.1
SHO-54149637,CAM-4004,2025-12-10 09:36:27,order,paul.315@outlook.com,73.14
SHO-72376609,CAM-4003,2025-12-10 18:13:13,order,michael.325@yahoo.de,131.87
SHO-30101817,SHW-5003,2025-12-11 05:33:16,order,julia.333@outlook.com,43.68
SHO-55494424,LPC-2003,2025-12-11 08:16:46,order,lisa.673@gmail.com,228.04
SHO-23684445,LPC-2006,2025-12-11 14:28:36,order,sarah.168@gmx.de,244.77
SHO-44665865,LPC-2004,2025-12-11 15:16:10,order,emma.341@gmail.com,484.47
SHO-06979124,CAM-4006,2025-12-11 15:20:50,order,sophie.937@t-online.de,135.19
SHO-33381919,CAM-4006,2025-12-11 21:39:32,order,marie.204@outlook.com,109.69
SHO-33865028,SHW-5001,2025-12-12 05:49:10,return,sophie.933@web.de,-24.19
SHO-89751837,AUD-3003,2025-12-12 05:52:08,order,julia.695@gmail.com,49.77
SHO-73385585,SMT-1006,2025-12-12 09:59:38,return,paul.691@yahoo.de,-262.87
SHO-70559540,SHW-5003,2025-12-12 11:08:31,order,sophie.847@gmail.com,30.7
SHO-01338613,SMT-1004,2025-12-12 11:39:42,return,max.396@gmx.de,-348.53
SHO-52725713,LPC-2002,2025-12-12 14:33:11,return,markus.639@outlook.com,-439.6
SHO-06653351,AUD-3006,2025-12-13 09:10:59,order,jan.445@gmx.de,60.71
SHO-29543820,CAM-4001,2025-12-13 09:37:19,order,lukas.46@gmx.de,143.37
SHO-40696186,CAM-4006,2025-12-13 12:39:07,order,markus.570@gmail.com,145.24
SHO-14753049,SMT-1001,2025-12-13 21:57:58,order,lena.676@t-online.de,196.82
SHO-22022258,LPC-2002,2025-12-14 04:51:50,return,nina.70@gmail.com,-458.7
SHO-80734734,AUD-3003,2025-12-14 10:47:57,order,michael.362@t-online.de,75.33
SHO-53351840,AUD-3001,2025-12-14 11:11:35,order,emma.463@t-online.de,86.0
SHO-35630581,LPC-2005,2025-12-14 21:47:20,return,lena.886@web.de,-332.1
SHO-80124087,CAM-4002,2025-12-14 22:23:04,return,felix.583@yahoo.de,-103.7
SHO-60726396,SMT-1006,2025-12-14 23:51:25,order,david.394@gmail.com,419.25
SHO-22839191,SHW-5001,2025-12-15 10:28:21,order,thomas.552@outlook.com,31.82
SHO-97940741,CAM-4006,2025-12-15 11:26:21,order,jan.654@web.de,109.31
SHO-87175851,CAM-4001,2025-12-15 15:52:32,order,marie.358@gmail.com,130.94
SHO-51825500,AUD-3004,2025-12-16 01:08:11,order,michael.863@t-online.de,36.61
SHO-61339841,CAM-4004,2025-12-16 07:28:31,order,lisa.512@gmail.com,142.67
SHO-89766455,LPC-2005,2025-12-16 13:39:54,order,laura.311@yahoo.de,326.97
SHO-69809117,AUD-3003,2025-12-16 16:15:37,order,laura.636@web.de,79.95
SHO-34512622,SMT-1006,2025-12-16 17:58:40,order,michael.484@t-online.de,342.03
SHO-10711435,AUD-3006,2025-12-16 18:38:33,order,nina.625@web.de,57.91
SHO-35499122,SMT-1003,2025-12-16 20:31:46,order,lukas.751@outlook.com,325.17
SHO-41250409,AUD-3003,2025-12-16 20:49:24,order,tim.929@outlook.com,69.23
SHO-01280841,CAM-4001,2025-12-16 20:53:29,order,lena.735@yahoo.de,56.6
SHO-31255096,AUD-3005,2025-12-17 00:28:26,order,emma.515@web.de,78.9
SHO-11515435,AUD-3005,2025-12-17 02:56:14,order,sophie.90@t-online.de,68.77
SHO-86255018,AUD-3004,2025-12-17 05:27:45,order,lena.815@web.de,89.75
SHO-62302968,SHW-5002,2025-12-18 03:14:22,order,max.197@gmx.de,22.37
SHO-02456610,AUD-3001,2025-12-18 16:43:41,order,emma.416@gmail.com,63.84
SHO-10472417,SMT-1002,2025-12-18 17:06:49,order,nina.573@web.de,120.14
SHO-83355438,CAM-4004,2025-12-18 20:37:25,order,jan.337@yahoo.de,112.22
SHO-31677989,SMT-1005,2025-12-18 21:37:58,order,thomas.609@web.de,163.1
SHO-36572823,CAM-4003,2025-12-18 22:52:27,order,paul.321@gmail.com,107.09
SHO-60726396,SMT-1006,2025-12-18 23:51:25,return,david.394@gmail.com,-419.25
SHO-18394449,CAM-4004,2025-12-19 05:33:56,order,nina.720@gmx.de,54.27
SHO-12632465,AUD-3004,2025-12-19 13:32:36,order,emma.997@web.de,33.04
SHO-14500940,LPC-2001,2025-12-19 17:53:22,order,david.937@outlook.com,301.98
SHO-54453793,SMT-1005,2025-12-20 04:08:48,order,lisa.365@gmx.de,179.84
SHO-84609725,SHW-5003,2025-12-20 04:13:47,order,michael.878@t-online.de,37.7
SHO-56738189,SHW-5003,2025-12-20 14:24:23,order,lisa.139@outlook.com,39.34
SHO-57631124,CAM-4004,2025-12-20 20:33:31,order,david.562@web.de,56.5
SHO-10070636,AUD-3003,2025-12-21 05:48:09,order,lisa.541@yahoo.de,33.19
SHO-33594813,SHW-5003,2025-12-21 05:51:06,order,tim.200@outlook.com,45.08
SHO-04563533,AUD-3003,2025-12-21 08:00:16,order,sarah.653@web.de,64.2
SHO-06979124,CAM-4006,2025-12-21 15:20:50,return,sophie.937@t-online.de,-135.19
SHO-73906458,SMT-1002,2025-12-22 00:54:29,order,markus.88@outlook.com,377.89
SHO-52929107,AUD-3005,2025-12-22 02:43:52,order,max.396@gmail.com,53.74
SHO-60179298,SHW-5004,2025-12-22 07:39:33,order,lukas.730@web.de,50.74
SHO-53675317,SHW-5002,2025-12-22 09:02:36,order,nina.11@yahoo.de,33.48
SHO-80461886,LPC-2002,2025-12-22 15:10:29,order,lisa.170@t-online.de,474.7
SHO-02456610,AUD-3001,2025-12-22 16:43:41,return,emma.416@gmail.com,-63.84
SHO-17920682,CAM-4003,2025-12-22 19:37:57,order,sophie.602@t-online.de,123.5
SHO-00415810,LPC-2004,2025-12-23 03:27:25,order,sophie.618@gmx.de,401.21
SHO-40518867,CAM-4004,2025-12-23 05:57:11,order,david.679@outlook.com,80.41
SHO-25158412,LPC-2002,2025-12-23 10:42:09,return,laura.904@web.de,-373.72
SHO-03821454,SMT-1005,2025-12-23 12:36:36,order,paul.689@t-online.de,423.79
SHO-09182054,CAM-4006,2025-12-23 14:12:28,order,thomas.468@web.de,63.11
SHO-05008752,CAM-4006,2025-12-23 17:26:46,order,nina.423@gmx.de,51.87
SHO-03108763,CAM-4006,2025-12-24 12:31:52,order,marie.593@t-online.de,114.6
SHO-29761182,LPC-2006,2025-12-24 13:25:43,order,lukas.495@gmail.com,209.2
SHO-57339569,CAM-4005,2025-12-24 18:37:30,order,tim.567@web.de,84.78
SHO-01480221,SMT-1006,2025-12-24 20:06:27,order,sophie.582@gmail.com,327.8
SHO-51825500,AUD-3004,2025-12-25 01:08:11,return,michael.863@t-online.de,-36.61
SHO-29825352,AUD-3004,2025-12-25 03:43:34,order,julia.57@gmx.de,59.59
SHO-90231536,LPC-2005,2025-12-25 09:34:12,order,emma.535@gmail.com,555.4
SHO-16737656,AUD-3005,2025-12-25 12:48:30,order,max.559@web.de,73.95
SHO-97257791,SHW-5005,2025-12-25 17:14:05,order,michael.243@outlook.com,26.08
SHO-39543715,SMT-1001,2025-12-25 20:04:28,order,david.263@web.de,478.99
SHO-96324758,SHW-5005,2025-12-25 23:40:32,order,lena.231@gmail.com,20.17
SHO-87843226,SMT-1005,2025-12-26 04:14:54,order,marie.348@web.de,309.74
SHO-19499180,AUD-3003,2025-12-26 07:28:58,order,julia.548@gmx.de,59.63
SHO-09989386,AUD-3005,2025-12-26 11:32:21,order,jan.352@web.de,88.32
SHO-59187240,SHW-5001,2025-12-26 12:17:39,order,tim.716@web.de,21.47
SHO-11481884,SHW-5006,2025-12-26 21:10:35,return,markus.206@yahoo.de,-43.91
SHO-67443165,SHW-5003,2025-12-27 01:36:01,order,thomas.818@yahoo.de,35.87
SHO-07729763,AUD-3003,2025-12-27 10:40:35,order,paul.775@gmail.com,78.73
SHO-38420963,LPC-2006,2025-12-27 17:36:26,order,jan.27@outlook.com,485.67
SHO-41223671,LPC-2003,2025-12-28 00:53:33,order,lena.400@outlook.com,202.83
SHO-91656544,AUD-3003,2025-12-28 03:23:49,return,felix.100@yahoo.de,-52.67
SHO-26129959,CAM-4005,2025-12-28 07:25:37,order,marie.208@gmail.com,69.75
SHO-72521643,SHW-5004,2025-12-28 13:42:48,order,markus.637@gmail.com,56.47
SHO-05008752,CAM-4006,2025-12-28 17:26:46,return,nina.423@gmx.de,-51.87
SHO-24063105,CAM-4006,2025-12-28 23:45:21,order,markus.871@gmail.com,136.69
SHO-14327884,SHW-5002,2025-12-29 01:46:51,order,julia.86@gmail.com,26.07
SHO-30859641,LPC-2003,2025-12-29 08:37:57,order,lukas.136@gmail.com,388.03
SHO-65819507,LPC-2006,2025-12-29 15:36:39,order,thomas.903@web.de,513.5
SHO-72513212,SHW-5003,2025-12-29 17:41:02,order,thomas.228@outlook.com,53.17
SHO-90635948,LPC-2006,2025-12-29 19:40:12,order,lena.523@t-online.de,321.29
SHO-28195210,LPC-2002,2025-12-30 14:24:35,order,emma.120@web.de,342.87
SHO-80461886,LPC-2002,2025-12-30 15:10:29,return,lisa.170@t-online.de,-474.7
SHO-76893253,SMT-1006,2025-12-31 04:06:41,order,max.106@gmail.com,183.06
SHO-80329999,CAM-4003,2025-12-31 07:43:54,order,lisa.529@yahoo.de,98.04
SHO-26089805,AUD-3001,2025-12-31 09:50:46,order,marie.519@web.de,85.63
SHO-70708089,AUD-3005,2025-12-31 10:59:57,order,lisa.649@outlook.com,51.63
SHO-38314035,SHW-5003,2025-12-31 20:14:26,order,sophie.61@web.de,22.12
SHO-19292458,AUD-3006,2026-01-01 09:26:03,order,laura.994@gmail.com,67.25
SHO-44665865,LPC-2004,2026-01-01 15:16:10,return,emma.341@gmail.com,-484.47
SHO-85841280,AUD-3001,2026-01-01 16:40:22,order,emma.583@yahoo.de,86.92
SHO-86528219,SHW-5005,2026-01-01 19:49:44,order,felix.989@outlook.com,53.67
SHO-29124528,SMT-1001,2026-01-02 11:23:30,return,marie.819@outlook.com,-414.4
SHO-62155067,SHW-5001,2026-01-02 18:08:26,order,julia.160@outlook.com,32.84
SHO-07028578,AUD-3005,2026-01-03 04:52:18,order,tim.861@yahoo.de,69.3
SHO-18990971,LPC-2006,2026-01-03 06:47:18,order,emma.200@web.de,230.08
SHO-91267907,SHW-5005,2026-01-03 06:56:57,order,marie.473@gmail.com,41.46
SHO-69077659,SHW-5005,2026-01-03 14:35:51,order,emma.575@t-online.de,26.31
SHO-19792952,SMT-1001,2026-01-03 16:33:37,order,lukas.747@gmail.com,104.69
SHO-45165661,CAM-4002,2026-01-04 08:09:52,order,david.766@outlook.com,102.71
SHO-67137986,SHW-5003,2026-01-05 00:17:17,order,felix.522@gmx.de,58.23
SHO-66602962,AUD-3001,2026-01-05 10:23:34,order,anna.687@gmail.com,55.87
SHO-96598527,SMT-1002,2026-01-05 10:37:01,order,lena.370@gmail.com,104.05
SHO-42347500,AUD-3006,2026-01-05 13:01:38,order,max.792@yahoo.de,64.13
SHO-88102847,CAM-4002,2026-01-05 14:41:46,order,paul.301@gmail.com,97.54
SHO-17039879,AUD-3002,2026-01-05 15:03:18,order,thomas.225@gmail.com,56.73
SHO-30202981,AUD-3003,2026-01-06 04:42:18,order,sarah.909@t-online.de,78.55
SHO-29136178,SMT-1006,2026-01-06 10:53:26,order,sarah.736@web.de,120.71
SHO-79804147,CAM-4001,2026-01-07 01:59:10,order,nina.829@yahoo.de,108.82
SHO-33465994,SMT-1003,2026-01-07 03:28:00,order,michael.638@gmx.de,171.78
SHO-29825352,AUD-3004,2026-01-07 03:43:34,return,julia.57@gmx.de,-59.59
SHO-89424506,AUD-3002,2026-01-07 04:44:22,order,tim.147@gmx.de,62.48
SHO-13390956,SHW-5002,2026-01-07 20:09:03,order,paul.780@yahoo.de,36.39
SHO-63936228,SMT-1005,2026-01-08 01:21:57,order,markus.866@outlook.com,268.98
SHO-55163492,CAM-4001,2026-01-08 05:15:10,order,sophie.896@gmail.com,87.95
SHO-07729763,AUD-3003,2026-01-08 10:40:35,return,paul.775@gmail.com,-78.73
SHO-37747662,CAM-4004,2026-01-08 13:21:46,order,max.661@outlook.com,66.41
SHO-56738189,SHW-5003,2026-01-08 14:24:23,return,lisa.139@outlook.com,-39.34
SHO-34313617,SMT-1005,2026-01-08 18:02:39,order,david.135@outlook.com,483.96
SHO-25253201,SHW-5004,2026-01-08 20:03:08,order,max.558@outlook.com,55.9
SHO-17721798,AUD-3004,2026-01-08 22:19:37,order,max.362@t-online.de,56.5
SHO-82423201,SHW-5002,2026-01-09 07:25:43,order,tim.187@gmx.de,36.63
SHO-66371254,SMT-1002,2026-01-09 08:31:28,order,markus.639@yahoo.de,268.38
SHO-47691062,CAM-4003,2026-01-09 10:44:05,order,michael.332@t-online.de,81.97
SHO-02342129,SMT-1006,2026-01-09 23:24:30,order,david.395@gmail.com,282.88
SHO-78670968,SHW-5004,2026-01-10 10:53:35,order,markus.212@yahoo.de,52.76
SHO-50578852,SMT-1004,2026-01-10 12:15:57,order,marie.546@yahoo.de,118.86
SHO-72521643,SHW-5004,2026-01-10 13:42:48,return,markus.637@gmail.com,-56.47
SHO-17916740,LPC-2004,2026-01-10 13:44:55,order,marie.817@gmail.com,504.98
SHO-31133115,AUD-3004,2026-01-10 14:13:03,order,markus.86@web.de,34.04
SHO-97316683,SHW-5002,2026-01-10 17:46:00,order,emma.191@yahoo.de,54.89
SHO-45765402,CAM-4002,2026-01-10 20:54:55,order,paul.996@gmail.com,66.76
SHO-37367632,SHW-5001,2026-01-11 05:18:09,order,markus.840@web.de,36.93
SHO-05311661,SHW-5002,2026-01-12 02:52:02,order,thomas.681@gmx.de,47.19
SHO-94201970,SMT-1006,2026-01-12 02:52:49,order,lena.168@web.de,413.17
SHO-27386276,CAM-4001,2026-01-12 05:34:05,order,lukas.110@gmail.com,80.31
SHO-86258299,LPC-2001,2026-01-12 05:39:10,order,sophie.19@gmx.de,557.61
SHO-96322232,AUD-3006,2026-01-12 10:51:19,order,jan.587@t-online.de,54.71
SHO-02963102,AUD-3001,2026-01-12 11:12:37,order,laura.836@web.de,77.84
SHO-65154850,SMT-1002,2026-01-12 19:33:28,order,tim.164@outlook.com,107.28
SHO-17920682,CAM-4003,2026-01-12 19:37:57,return,sophie.602@t-online.de,-123.5
SHO-58882002,SHW-5006,2026-01-12 22:14:06,order,michael.164@web.de,45.95
SHO-40571961,SHW-5006,2026-01-12 22:14:19,order,lisa.302@gmx.de,32.33
SHO-67003089,LPC-2005,2026-01-13 02:20:54,order,michael.779@gmx.de,574.26
SHO-57891320,LPC-2006,2026-01-13 06:56:24,order,michael.966@outlook.com,541.96
SHO-14236619,LPC-2005,2026-01-13 18:22:29,order,laura.693@gmx.de,277.88
SHO-13330577,SMT-1004,2026-01-14 06:21:01,order,marie.926@outlook.com,366.25
SHO-74709867,CAM-4005,2026-01-14 15:33:49,order,marie.870@t-online.de,134.12
SHO-04201817,LPC-2002,2026-01-14 22:25:41,order,jan.528@yahoo.de,251.98
SHO-48271997,CAM-4002,2026-01-15 07:59:21,order,emma.241@t-online.de,107.65
SHO-12641220,SMT-1005,2026-01-15 08:39:54,order,david.452@gmail.com,340.89
SHO-58928998,SHW-5006,2026-01-15 11:21:07,order,laura.79@gmx.de,29.03
SHO-85841280,AUD-3001,2026-01-15 16:40:22,return,emma.583@yahoo.de,-86.92
SHO-26646980,AUD-3005,2026-01-15 18:26:57,order,tim.697@yahoo.de,36.57
SHO-70339029,SMT-1006,2026-01-15 21:49:50,order,felix.156@t-online.de,151.89
SHO-17721798,AUD-3004,2026-01-15 22:19:37,return,max.362@t-online.de,-56.5
SHO-05604101,SMT-1003,2026-01-16 03:39:07,order,markus.618@outlook.com,493.16
SHO-99428499,AUD-3006,2026-01-16 09:45:10,order,max.833@gmail.com,81.72
SHO-43270361,LPC-2004,2026-01-16 12:55:14,order,paul.579@gmail.com,538.69
SHO-07245050,CAM-4005,2026-01-16 14:44:31,order,jan.58@gmx.de,85.02
SHO-86021258,SHW-5001,2026-01-16 19:15:49,order,markus.521@outlook.com,56.94
SHO-46347747,SMT-1001,2026-01-16 22:37:17,order,nina.229@gmail.com,442.76
SHO-67443165,SHW-5003,2026-01-17 01:36:01,return,thomas.818@yahoo.de,-35.87
SHO-10311568,SHW-5001,2026-01-17 06:32:18,order,michael.205@yahoo.de,29.97
SHO-09989386,AUD-3005,2026-01-17 11:32:21,return,jan.352@web.de,-88.32
SHO-85564875,AUD-3001,2026-01-17 12:48:04,order,thomas.89@gmx.de,50.17
SHO-30419506,AUD-3003,2026-01-17 14:46:56,order,marie.213@outlook.com,41.58
SHO-61167349,AUD-3004,2026-01-17 14:57:40,order,lukas.503@outlook.com,30.11
SHO-02302816,SHW-5006,2026-01-17 15:03:00,order,jan.802@web.de,33.88
SHO-26146256,SHW-5003,2026-01-18 11:14:24,order,nina.14@yahoo.de,57.83
SHO-10404973,LPC-2005,2026-01-18 17:33:58,order,sophie.168@yahoo.de,434.77
SHO-98883143,CAM-4005,2026-01-18 19:55:02,order,jan.617@web.de,62.17
SHO-94728617,SMT-1004,2026-01-18 19:56:15,order,laura.816@gmx.de,121.76
SHO-89099793,AUD-3004,2026-01-19 00:15:01,order,sophie.305@web.de,49.19
SHO-96400078,SHW-5004,2026-01-19 00:32:57,order,laura.145@gmail.com,30.2
SHO-62445131,LPC-2001,2026-01-19 06:26:17,order,laura.741@gmail.com,635.86
SHO-29932141,AUD-3003,2026-01-19 06:56:52,order,marie.670@t-online.de,72.3
SHO-68687838,SHW-5004,2026-01-19 08:17:35,order,lukas.653@outlook.com,40.66
SHO-33164118,LPC-2006,2026-01-19 11:37:18,order,lena.105@yahoo.de,508.61
SHO-22070795,CAM-4005,2026-01-19 18:31:39,order,david.430@yahoo.de,82.55
SHO-54865522,SMT-1003,2026-01-19 19:39:13,order,max.837@gmail.com,258.93
SHO-88903309,CAM-4004,2026-01-20 04:39:38,order,felix.402@t-online.de,149.28
SHO-60133362,SMT-1006,2026-01-20 09:14:09,order,sarah.842@gmx.de,318.04
SHO-08985743,CAM-4002,2026-01-20 14:46:03,order,david.121@outlook.com,86.74
SHO-09484402,SHW-5005,2026-01-20 20:06:15,order,lisa.559@gmail.com,49.45
SHO-57290852,CAM-4005,2026-01-20 20:14:19,order,paul.20@t-online.de,129.56
SHO-15817965,SHW-5001,2026-01-20 22:08:52,order,sophie.621@t-online.de,21.63
SHO-58908424,AUD-3006,2026-01-20 22:13:12,order,marie.260@web.de,84.43
SHO-00189029,AUD-3006,2026-01-21 00:37:03,order,marie.489@web.de,32.15
SHO-19792952,SMT-1001,2026-01-21 16:33:37,return,lukas.747@gmail.com,-104.69
SHO-47439281,SHW-5006,2026-01-21 20:38:50,order,michael.506@gmx.de,57.84
SHO-71164107,SHW-5003,2026-01-22 00:17:04,order,michael.960@gmail.com,46.71
SHO-78673037,AUD-3005,2026-01-22 11:15:40,order,emma.310@gmx.de,44.0
SHO-33164118,LPC-2006,2026-01-22 11:37:18,return,lena.105@yahoo.de,-508.61
SHO-24063105,CAM-4006,2026-01-22 23:45:21,return,markus.871@gmail.com,-136.69
SHO-48271997,CAM-4002,2026-01-23 07:59:21,return,emma.241@t-online.de,-107.65
SHO-20148159,SHW-5002,2026-01-23 09:02:29,order,sarah.976@gmx.de,34.46
SHO-40456770,SHW-5001,2026-01-23 18:30:37,order,david.692@yahoo.de,51.61
SHO-98548190,SHW-5004,2026-01-23 21:49:47,order,julia.432@gmail.com,41.17
SHO-88150538,AUD-3002,2026-01-24 03:44:49,order,markus.411@gmx.de,74.34
SHO-61335720,SMT-1005,2026-01-24 08:15:43,order,markus.742@t-online.de,194.08
SHO-17161682,SHW-5006,2026-01-24 09:55:19,order,laura.181@gmail.com,49.84
SHO-25253201,SHW-5004,2026-01-24 20:03:08,return,max.558@outlook.com,-55.9
SHO-70543690,SMT-1003,2026-01-25 01:53:55,order,tim.684@gmail.com,499.84
SHO-83620008,SHW-5004,2026-01-25 09:23:33,order,lukas.856@gmail.com,25.47
SHO-39308950,LPC-2003,2026-01-25 13:34:09,order,laura.740@t-online.de,476.03
SHO-15647664,CAM-4003,2026-01-25 13:54:56,order,marie.865@web.de,132.07
SHO-21435376,SMT-1005,2026-01-25 22:11:32,order,jan.711@gmail.com,498.28
SHO-78778357,CAM-4004,2026-01-26 00:49:32,order,sophie.183@t-online.de,54.01
SHO-20554574,CAM-4002,2026-01-26 03:20:25,order,emma.669@gmail.com,97.22
SHO-33055075,AUD-3004,2026-01-26 09:37:25,order,lena.592@yahoo.de,46.68
SHO-15927871,SMT-1004,2026-01-26 10:26:51,order,nina.699@t-online.de,244.74
SHO-78231543,AUD-3002,2026-01-26 14:37:30,order,paul.31@yahoo.de,49.37
SHO-27777168,SMT-1005,2026-01-26 15:13:29,order,tim.225@web.de,253.9
SHO-63819950,LPC-2001,2026-01-26 20:44:22,order,paul.219@t-online.de,236.68
SHO-68011824,LPC-2002,2026-01-27 13:28:42,order,sophie.331@web.de,312.27
SHO-56343519,SMT-1004,2026-01-27 17:08:40,order,markus.161@t-online.de,420.75
SHO-77208686,SHW-5005,2026-01-28 00:09:43,order,sarah.30@outlook.com,33.75
SHO-95253009,SHW-5006,2026-01-28 07:25:27,order,marie.736@gmail.com,52.83
SHO-85957125,SHW-5004,2026-01-28 08:23:34,order,thomas.992@gmail.com,58.97
SHO-12641220,SMT-1005,2026-01-28 08:39:54,return,david.452@gmail.com,-340.89
SHO-25678295,SHW-5006,2026-01-28 10:17:03,order,emma.554@gmx.de,34.25
SHO-03396983,LPC-2004,2026-01-28 14:44:38,order,markus.825@yahoo.de,582.56
SHO-79226792,AUD-3002,2026-01-28 17:56:57,order,michael.850@gmx.de,52.17
SHO-46112184,SHW-5002,2026-01-28 21:32:52,order,lukas.576@t-online.de,47.46
SHO-31133115,AUD-3004,2026-01-29 14:13:03,return,markus.86@web.de,-34.04
SHO-11971243,CAM-4004,2026-01-29 18:32:38,order,jan.281@t-online.de,51.41
SHO-93107990,CAM-4001,2026-01-29 19:58:31,order,lukas.858@t-online.de,112.14
SHO-91177422,AUD-3004,2026-01-29 20:00:45,order,emma.336@yahoo.de,49.05
SHO-73740017,AUD-3004,2026-01-30 00:09:24,order,max.90@yahoo.de,32.1
SHO-38224241,CAM-4004,2026-01-30 02:04:33,order,felix.935@gmail.com,124.06
SHO-34867100,LPC-2004,2026-01-30 11:40:00,order,felix.801@gmail.com,651.38
SHO-09114159,CAM-4004,2026-01-30 13:46:44,order,jan.534@yahoo.de,57.17
SHO-59457151,SMT-1002,2026-01-30 17:05:44,order,david.533@gmail.com,443.66
SHO-64526740,AUD-3005,2026-01-30 18:02:28,order,lukas.935@t-online.de,51.12
SHO-20042383,AUD-3006,2026-01-31 01:27:32,order,tim.877@outlook.com,58.55
SHO-68308788,LPC-2006,2026-01-31 05:26:49,order,lisa.38@gmx.de,553.5
SHO-05126741,AUD-3001,2026-01-31 06:08:30,order,emma.824@t-online.de,77.66
SHO-56639802,AUD-3003,2026-01-31 06:45:59,order,michael.682@t-online.de,69.36
SHO-23318052,AUD-3005,2026-01-31 07:55:52,order,lisa.451@gmail.com,54.2
SHO-42889865,AUD-3003,2026-01-31 11:20:51,order,sarah.579@t-online.de,86.27
SHO-56452183,CAM-4005,2026-01-31 13:33:12,order,jan.323@t-online.de,92.0
SHO-96400078,SHW-5004,2026-02-01 00:32:57,return,laura.145@gmail.com,-30.2
SHO-69037710,AUD-3004,2026-02-01 08:03:03,order,anna.538@gmail.com,76.97
SHO-75779972,CAM-4003,2026-02-01 09:24:21,order,felix.543@yahoo.de,83.68
SHO-87512293,SHW-5002,2026-02-01 15:05:03,order,julia.318@web.de,54.89
SHO-17892111,SHW-5004,2026-02-02 03:25:33,order,anna.290@gmx.de,22.1
SHO-93496995,SHW-5001,2026-02-02 10:12:18,order,laura.781@gmail.com,44.64
SHO-99100182,SMT-1003,2026-02-02 12:40:55,order,sarah.113@t-online.de,401.46
SHO-22501456,SHW-5001,2026-02-02 13:38:57,order,lukas.890@outlook.com,59.51
SHO-25407112,LPC-2002,2026-02-02 13:43:43,order,thomas.836@yahoo.de,692.41
SHO-30419506,AUD-3003,2026-02-02 14:46:56,return,marie.213@outlook.com,-41.58
SHO-33650009,SHW-5003,2026-02-02 20:59:30,order,markus.836@outlook.com,49.72
SHO-12676228,AUD-3004,2026-02-02 22:28:02,order,julia.393@gmail.com,65.71
SHO-57891320,LPC-2006,2026-02-03 06:56:24,return,michael.966@outlook.com,-541.96
SHO-77565997,AUD-3003,2026-02-03 09:00:51,order,marie.351@outlook.com,73.59
SHO-83701988,AUD-3005,2026-02-03 10:05:57,order,michael.908@web.de,45.91
SHO-92575272,LPC-2005,2026-02-03 10:24:48,order,sophie.744@gmail.com,545.05
SHO-56523203,SHW-5002,2026-02-03 15:20:56,order,lukas.618@web.de,22.52
SHO-71093896,SMT-1001,2026-02-04 01:24:32,order,sophie.954@outlook.com,223.52
SHO-39591600,LPC-2004,2026-02-04 11:00:32,order,lukas.35@outlook.com,262.13
SHO-49514768,SMT-1005,2026-02-04 15:13:35,order,paul.864@t-online.de,344.74
SHO-14236619,LPC-2005,2026-02-04 18:22:29,return,laura.693@gmx.de,-277.88
SHO-60367482,SHW-5006,2026-02-04 23:17:11,order,emma.948@t-online.de,58.62
SHO-44191092,AUD-3005,2026-02-05 15:47:34,order,michael.189@yahoo.de,59.96
SHO-28628619,SMT-1004,2026-02-05 18:32:01,order,lukas.894@outlook.com,230.19
SHO-97329045,AUD-3002,2026-02-05 23:16:08,order,lukas.273@gmail.com,35.33
SHO-28556319,SMT-1001,2026-02-06 05:40:23,order,lena.986@t-online.de,366.68
SHO-45001109,CAM-4001,2026-02-06 13:43:50,order,marie.312@gmx.de,96.28
SHO-09114159,CAM-4004,2026-02-06 13:46:44,return,jan.534@yahoo.de,-57.17
SHO-45017879,AUD-3006,2026-02-06 15:59:09,order,nina.117@yahoo.de,83.72
SHO-38820759,CAM-4002,2026-02-07 07:53:34,order,marie.743@web.de,89.07
SHO-88609319,AUD-3003,2026-02-07 15:02:04,order,sophie.570@gmx.de,74.89
SHO-18488228,LPC-2004,2026-02-08 02:19:16,order,emma.857@outlook.com,460.38
SHO-14806296,SHW-5006,2026-02-08 10:34:43,order,laura.532@outlook.com,47.87
SHO-05004615,LPC-2004,2026-02-08 16:13:12,order,tim.553@t-online.de,276.95
SHO-68298320,SHW-5005,2026-02-09 03:05:55,order,michael.150@web.de,52.94
SHO-59497266,AUD-3006,2026-02-09 13:36:18,order,thomas.50@web.de,64.32
SHO-60265691,CAM-4005,2026-02-09 16:45:35,order,markus.257@web.de,84.4
SHO-00257799,SMT-1003,2026-02-10 00:05:55,order,sarah.657@t-online.de,293.18
SHO-93228253,AUD-3005,2026-02-10 06:45:00,order,lisa.896@yahoo.de,34.93
SHO-16717844,AUD-3001,2026-02-10 08:40:54,order,tim.595@outlook.com,48.42
SHO-25678295,SHW-5006,2026-02-10 10:17:03,return,emma.554@gmx.de,-34.25
SHO-60444655,LPC-2004,2026-02-10 18:50:29,order,julia.199@outlook.com,598.0
SHO-55370394,SHW-5003,2026-02-10 19:05:08,order,felix.554@outlook.com,49.36
SHO-71574811,CAM-4003,2026-02-11 01:58:57,order,michael.669@t-online.de,106.27
SHO-18584492,LPC-2001,2026-02-11 04:54:52,order,marie.887@gmail.com,365.61
SHO-33692663,LPC-2003,2026-02-11 06:51:58,order,nina.556@gmx.de,413.54
SHO-17225313,AUD-3006,2026-02-11 08:35:04,order,emma.564@yahoo.de,84.66
SHO-25608120,SMT-1001,2026-02-11 08:44:33,order,thomas.114@yahoo.de,287.77
SHO-32394651,SMT-1004,2026-02-11 13:31:43,order,marie.526@t-online.de,214.06
SHO-31713066,LPC-2004,2026-02-11 14:27:11,order,marie.738@gmail.com,448.2
SHO-79933500,CAM-4002,2026-02-11 16:09:57,order,emma.164@web.de,100.8
SHO-11995619,LPC-2006,2026-02-11 17:36:25,order,thomas.181@gmail.com,294.85
SHO-83564107,CAM-4003,2026-02-12 07:41:14,order,lukas.983@web.de,141.52
SHO-72016040,CAM-4002,2026-02-12 13:30:51,order,anna.242@yahoo.de,55.23
SHO-68136588,LPC-2003,2026-02-12 17:18:09,order,sophie.205@web.de,200.61
SHO-30823994,CAM-4002,2026-02-12 17:39:21,order,julia.249@outlook.com,125.66
SHO-96986353,SHW-5002,2026-02-12 18:05:58,order,sophie.994@yahoo.de,23.93
SHO-63253127,LPC-2004,2026-02-13 06:04:25,order,julia.486@outlook.com,536.28
SHO-68220169,SHW-5004,2026-02-13 12:46:35,order,anna.929@gmail.com,52.6
SHO-63259177,CAM-4006,2026-02-13 16:49:28,order,michael.555@gmx.de,82.46
SHO-75463547,LPC-2001,2026-02-13 23:12:56,order,anna.171@gmail.com,664.38
SHO-16885054,AUD-3002,2026-02-14 16:13:35,order,marie.450@t-online.de,60.67
SHO-04789127,CAM-4004,2026-02-15 05:17:12,order,anna.94@gmx.de,124.49
SHO-22221780,CAM-4004,2026-02-15 08:10:11,order,markus.881@gmx.de,77.96
SHO-60558624,SMT-1006,2026-02-15 10:10:46,order,nina.179@gmx.de,102.53
SHO-89441967,CAM-4005,2026-02-15 15:40:30,order,lukas.322@t-online.de,108.16
SHO-19922183,AUD-3006,2026-02-15 16:53:12,order,anna.209@outlook.com,43.32
SHO-47439281,SHW-5006,2026-02-15 20:38:50,return,michael.506@gmx.de,-57.84
SHO-27712655,SHW-5002,2026-02-16 03:49:08,order,felix.326@web.de,55.37
SHO-88485086,SMT-1006,2026-02-16 12:24:39,order,max.721@t-online.de,498.19
SHO-31713066,LPC-2004,2026-02-16 14:27:11,return,marie.738@gmail.com,-448.2
SHO-45017879,AUD-3006,2026-02-16 15:59:09,return,nina.117@yahoo.de,-83.72
SHO-85966547,LPC-2005,2026-02-16 21:19:27,order,paul.106@t-online.de,521.42
SHO-46112184,SHW-5002,2026-02-16 21:32:52,return,lukas.576@t-online.de,-47.46
SHO-77208686,SHW-5005,2026-02-17 00:09:43,return,sarah.30@outlook.com,-33.75
SHO-42726724,SMT-1006,2026-02-17 01:12:52,order,tim.773@gmail.com,115.75
SHO-65943992,CAM-4005,2026-02-17 05:21:38,order,thomas.707@yahoo.de,107.2
SHO-89141807,SHW-5006,2026-02-17 11:43:05,order,sophie.179@outlook.com,52.9
SHO-71728026,LPC-2003,2026-02-17 11:47:18,order,tim.738@yahoo.de,531.58
SHO-21359502,SHW-5003,2026-02-17 17:00:29,order,jan.290@outlook.com,25.34
SHO-62243530,SMT-1001,2026-02-17 18:38:22,order,michael.929@outlook.com,457.35
SHO-14171954,LPC-2006,2026-02-17 21:34:26,order,tim.85@gmx.de,265.53
SHO-34122030,LPC-2005,2026-02-18 01:41:43,order,sophie.239@gmx.de,502.52
SHO-22418082,SMT-1003,2026-02-18 04:03:28,order,david.79@t-online.de,288.67
SHO-01588423,CAM-4003,2026-02-18 15:07:01,order,emma.743@t-online.de,53.58
SHO-36462247,AUD-3004,2026-02-18 18:30:52,order,lukas.673@outlook.com,33.66
SHO-81016903,LPC-2004,2026-02-18 23:21:17,order,lena.362@yahoo.de,263.62
SHO-87704504,SMT-1004,2026-02-19 01:45:46,order,marie.690@yahoo.de,302.23
SHO-52158007,CAM-4003,2026-02-19 05:17:57,order,laura.325@yahoo.de,149.4
SHO-60469456,SMT-1004,2026-02-19 09:39:00,order,laura.756@t-online.de,226.4
SHO-04650150,SHW-5001,2026-02-19 14:52:15,order,paul.251@t-online.de,37.89
SHO-64079734,CAM-4006,2026-02-19 18:17:47,order,sophie.576@outlook.com,145.29
SHO-34091396,SMT-1001,2026-02-19 23:58:26,order,thomas.743@gmail.com,362.06
SHO-60776272,LPC-2002,2026-02-20 08:42:41,order,markus.471@gmail.com,352.86
SHO-20148159,SHW-5002,2026-02-20 09:02:29,return,sarah.976@gmx.de,-34.46
SHO-97881769,SMT-1005,2026-02-20 12:01:10,order,paul.314@outlook.com,488.83
SHO-02626355,SHW-5006,2026-02-20 17:30:15,order,sarah.968@t-online.de,38.23
SHO-04757412,LPC-2004,2026-02-20 23:55:20,order,sophie.188@yahoo.de,612.97
SHO-85102369,LPC-2004,2026-02-21 00:40:27,order,emma.651@yahoo.de,694.5
SHO-25427053,SMT-1001,2026-02-21 05:17:04,order,lisa.177@web.de,192.39
SHO-39308950,LPC-2003,2026-02-21 13:34:09,return,laura.740@t-online.de,-476.03
SHO-45001109,CAM-4001,2026-02-21 13:43:50,return,marie.312@gmx.de,-96.28
SHO-91821613,CAM-4005,2026-02-21 18:09:42,order,sophie.852@yahoo.de,77.78
SHO-08061664,CAM-4001,2026-02-22 02:30:35,order,michael.673@gmail.com,146.18
SHO-93228253,AUD-3005,2026-02-22 06:45:00,return,lisa.896@yahoo.de,-34.93
SHO-01762285,AUD-3002,2026-02-22 06:50:40,order,max.281@gmail.com,45.17
SHO-38418613,CAM-4002,2026-02-22 18:33:49,order,lisa.281@gmail.com,97.72
SHO-65026824,LPC-2002,2026-02-22 19:22:28,order,sophie.971@outlook.com,373.36
SHO-52866163,SHW-5004,2026-02-23 01:02:29,order,lukas.689@gmail.com,26.13
SHO-68037852,SHW-5002,2026-02-23 05:33:01,order,marie.670@gmx.de,49.12
SHO-81396260,SMT-1002,2026-02-23 06:47:12,order,jan.760@web.de,129.03
SHO-89313924,LPC-2005,2026-02-23 07:48:19,order,nina.910@outlook.com,311.71
SHO-32394651,SMT-1004,2026-02-23 13:31:43,return,marie.526@t-online.de,-214.06
SHO-90132555,LPC-2006,2026-02-23 13:45:03,order,sarah.665@gmx.de,632.51
SHO-56879350,SHW-5006,2026-02-23 23:59:07,order,paul.963@gmail.com,40.02
SHO-03689816,SHW-5001,2026-02-24 03:07:37,order,david.72@outlook.com,29.09
SHO-71182479,SHW-5006,2026-02-24 15:43:00,order,michael.992@web.de,45.25
SHO-23524509,SHW-5002,2026-02-24 17:24:58,order,emma.571@gmail.com,26.61
SHO-17429536,CAM-4002,2026-02-24 20:19:58,order,felix.751@gmx.de,76.88
SHO-09502065,SMT-1001,2026-02-25 00:29:25,order,felix.652@gmx.de,456.37
SHO-71305449,SHW-5001,2026-02-25 01:35:01,order,sarah.484@outlook.com,44.17
SHO-56698724,LPC-2001,2026-02-25 03:08:07,order,tim.851@t-online.de,677.63
SHO-60580644,SHW-5001,2026-02-25 04:14:10,order,thomas.618@web.de,29.06
SHO-15763038,LPC-2006,2026-02-25 06:01:40,order,max.463@outlook.com,238.6
SHO-73263566,CAM-4002,2026-02-25 07:42:24,order,markus.291@outlook.com,125.2
SHO-27093134,AUD-3004,2026-02-25 10:33:24,order,laura.407@t-online.de,58.11
SHO-68220169,SHW-5004,2026-02-25 12:46:35,return,anna.929@gmail.com,-52.6
SHO-92440529,SHW-5002,2026-02-25 19:28:16,order,felix.403@web.de,54.45
SHO-91978370,CAM-4005,2026-02-25 21:05:15,order,laura.528@web.de,57.13
SHO-03233943,SHW-5005,2026-02-26 07:00:57,order,anna.729@gmx.de,49.14
SHO-04129724,SHW-5004,2026-02-26 13:03:27,order,jan.81@yahoo.de,26.33
SHO-01317497,CAM-4003,2026-02-26 20:03:37,order,anna.859@outlook.com,133.76
SHO-97375292,SHW-5004,2026-02-26 22:11:32,order,max.391@t-online.de,33.93
SHO-71099901,SMT-1005,2026-02-27 00:23:11,order,tim.788@gmail.com,409.62
SHO-56645275,LPC-2003,2026-02-27 09:32:21,order,jan.168@web.de,414.12
SHO-80546725,SMT-1003,2026-02-27 14:23:45,order,jan.552@t-online.de,157.09
SHO-91177422,AUD-3004,2026-02-27 20:00:45,return,emma.336@yahoo.de,-49.05
SHO-66275277,SMT-1006,2026-02-27 21:30:31,order,max.65@web.de,295.34
SHO-03689590,AUD-3003,2026-02-28 17:32:35,order,thomas.579@t-online.de,85.09
SHO-93107990,CAM-4001,2026-02-28 19:58:31,return,lukas.858@t-online.de,-112.14
SHO-66275277,SMT-1006,2026-02-28 23:59:59,return,max.65@web.de,-295.34
SHO-02626355,SHW-5006,2026-02-28 23:59:59,return,sarah.968@t-online.de,-38.23
SHO-04789127,CAM-4004,2026-02-28 23:59:59,return,anna.94@gmx.de,-124.49
SHO-52866163,SHW-5004,2026-02-28 23:59:59,return,lukas.689@gmail.com,-26.13
SHO-14171954,LPC-2006,2026-02-28 23:59:59,return,tim.85@gmx.de,-265.53
SHO-25608120,SMT-1001,2026-02-28 23:59:59,return,thomas.114@yahoo.de,-287.77
SHO-91978370,CAM-4005,2026-02-28 23:59:59,return,laura.528@web.de,-57.13
SHO-21359502,SHW-5003,2026-02-28 23:59:59,return,jan.290@outlook.com,-25.34
SHO-18584492,LPC-2001,2026-02-28 23:59:59,return,marie.887@gmail.com,-365.61
SHO-88609319,AUD-3003,2026-02-28 23:59:59,return,sophie.570@gmx.de,-74.89
SHO-17429536,CAM-4002,2026-02-28 23:59:59,return,felix.751@gmx.de,-76.88
SHO-89441967,CAM-4005,2026-02-28 23:59:59,return,lukas.322@t-online.de,-108.16
